name,slug,value,date_of_information,ranking,region
"China","china","$31,230,000,000,000","2023",1,"East and Southeast Asia"
"United States","united-states","$24,977,000,000,000","2023",2,"North America"
"India","india","$13,173,000,000,000","2023",3,"South Asia"
"Russia","russia","$5,816,000,000,000","2023",4,"Central Asia"
"Japan","japan","$5,747,000,000,000","2023",5,"East and Southeast Asia"
"Germany","germany","$5,295,000,000,000","2023",6,"Europe"
"Brazil","brazil","$4,016,000,000,000","2023",7,"South America"
"Indonesia","indonesia","$3,906,000,000,000","2023",8,"East and Southeast Asia"
"France","france","$3,786,000,000,000","2023",9,"Europe"
"United Kingdom","united-kingdom","$3,728,000,000,000","2023",10,"Europe"
"Italy","italy","$3,145,000,000,000","2023",11,"Europe"
"Turkey (Turkiye)","turkey-turkiye","$2,953,000,000,000","2023",12,"Middle East"
"Mexico","mexico","$2,873,000,000,000","2023",13,"North America"
"Korea, South","korea-south","$2,615,000,000,000","2023",14,"East and Southeast Asia"
"Spain","spain","$2,279,000,000,000","2023",15,"Europe"
"Canada","canada","$2,242,000,000,000","2023",16,"North America"
"Egypt","egypt","$1,912,000,000,000","2023",17,"Africa"
"Saudi Arabia","saudi-arabia","$1,831,000,000,000","2023",18,"Middle East"
"Poland","poland","$1,628,000,000,000","2023",19,"Europe"
"Australia","australia","$1,588,000,000,000","2023",20,"Australia and Oceania"
"Thailand","thailand","$1,516,000,000,000","2023",21,"East and Southeast Asia"
"Iran","iran","$1,442,000,000,000","2023",22,"Middle East"
"Bangladesh","bangladesh","$1,413,000,000,000","2023",23,"South Asia"
"Vietnam","vietnam","$1,354,000,000,000","2023",24,"East and Southeast Asia"
"Pakistan","pakistan","$1,346,000,000,000","2023",25,"South Asia"
"Netherlands","netherlands","$1,277,000,000,000","2023",26,"Europe"
"Nigeria","nigeria","$1,275,000,000,000","2023",27,"Africa"
"Argentina","argentina","$1,234,000,000,000","2023",28,"South America"
"Malaysia","malaysia","$1,153,000,000,000","2023",29,"East and Southeast Asia"
"Taiwan","taiwan","$1,143,000,000,000","2019",30,"East and Southeast Asia"
"Philippines","philippines","$1,138,000,000,000","2023",31,"East and Southeast Asia"
"Colombia","colombia","$978,007,000,000","2023",32,"South America"
"South Africa","south-africa","$865,402,000,000","2023",33,"Africa"
"Romania","romania","$775,064,000,000","2023",34,"Europe"
"Belgium","belgium","$756,586,000,000","2023",35,"Europe"
"Singapore","singapore","$754,758,000,000","2023",36,"East and Southeast Asia"
"Switzerland","switzerland","$733,779,000,000","2023",37,"Europe"
"United Arab Emirates","united-arab-emirates","$718,950,000,000","2023",38,"Middle East"
"Kazakhstan","kazakhstan","$705,520,000,000","2023",39,"Central Asia"
"Algeria","algeria","$699,818,000,000","2023",40,"Africa"
"Sweden","sweden","$665,016,000,000","2023",41,"Europe"
"Ireland","ireland","$609,962,000,000","2023",42,"Europe"
"Austria","austria","$593,703,000,000","2023",43,"Europe"
"Chile","chile","$579,201,000,000","2023",44,"South America"
"Iraq","iraq","$572,939,000,000","2023",45,"Middle East"
"Ukraine","ukraine","$560,111,000,000","2023",46,"Europe"
"Czechia","czechia","$539,737,000,000","2023",47,"Europe"
"Peru","peru","$517,644,000,000","2023",48,"South America"
"Norway","norway","$499,357,000,000","2023",49,"Europe"
"Hong Kong","hong-kong","$485,834,000,000","2023",50,"East and Southeast Asia"
"Israel","israel","$472,533,000,000","2023",51,"Middle East"
"Portugal","portugal","$441,697,000,000","2023",52,"Europe"
"Denmark","denmark","$428,759,000,000","2023",53,"Europe"
"Hungary","hungary","$388,906,000,000","2023",54,"Europe"
"Greece","greece","$384,023,000,000","2023",55,"Europe"
"Uzbekistan","uzbekistan","$356,797,000,000","2023",56,"Central Asia"
"Ethiopia","ethiopia","$354,604,000,000","2023",57,"Africa"
"Morocco","morocco","$339,603,000,000","2023",58,"Africa"
"Finland","finland","$318,638,000,000","2023",59,"Europe"
"Kenya","kenya","$314,491,000,000","2023",60,"Africa"
"Qatar","qatar","$308,522,000,000","2023",61,"Middle East"
"Burma","burma","$290,381,000,000","2023",62,"East and Southeast Asia"
"Sri Lanka","sri-lanka","$287,132,000,000","2023",63,"South Asia"
"Venezuela","venezuela","$269,068,000,000","2018",64,"South America"
"Angola","angola","$266,249,000,000","2023",65,"Africa"
"Dominican Republic","dominican-republic","$261,616,000,000","2023",66,"Central America and the Caribbean"
"Ecuador","ecuador","$260,213,000,000","2023",67,"South America"
"New Zealand","new-zealand","$255,026,000,000","2023",68,"Australia and Oceania"
"Belarus","belarus","$254,407,000,000","2023",69,"Europe"
"Tanzania","tanzania","$233,786,000,000","2023",70,"Africa"
"Ghana","ghana","$229,639,000,000","2023",71,"Africa"
"Kuwait","kuwait","$225,481,000,000","2023",72,"Middle East"
"Guatemala","guatemala","$224,556,000,000","2023",73,"Central America and the Caribbean"
"Azerbaijan","azerbaijan","$215,896,000,000","2023",74,"Middle East"
"Bulgaria","bulgaria","$215,338,000,000","2023",75,"Europe"
"Slovakia","slovakia","$213,219,000,000","2023",76,"Europe"
"Cote d'Ivoire","cote-divoire","$202,119,000,000","2023",77,"Africa"
"Oman","oman","$193,445,000,000","2023",78,"Middle East"
"Serbia","serbia","$172,402,000,000","2023",79,"Europe"
"Panama","panama","$159,908,000,000","2023",80,"Central America and the Caribbean"
"Croatia","croatia","$158,698,000,000","2023",81,"Europe"
"Congo, Democratic Republic of the","congo-democratic-republic-of-the","$154,012,000,000","2023",82,"Africa"
"Tunisia","tunisia","$153,152,000,000","2023",83,"Africa"
"Nepal","nepal","$144,310,000,000","2023",84,"South Asia"
"Cameroon","cameroon","$138,191,000,000","2023",85,"Africa"
"Puerto Rico","puerto-rico","$137,828,000,000","2023",86,"Central America and the Caribbean"
"Cuba","cuba","$137,000,000,000","2017",87,"Central America and the Caribbean"
"Uganda","uganda","$135,803,000,000","2023",88,"Africa"
"Costa Rica","costa-rica","$134,238,000,000","2023",89,"Central America and the Caribbean"
"Lithuania","lithuania","$134,219,000,000","2023",90,"Europe"
"Turkmenistan","turkmenistan","$131,576,000,000","2023",91,"Central Asia"
"Sudan","sudan","$123,565,000,000","2023",92,"Africa"
"Bolivia","bolivia","$120,531,000,000","2023",93,"South America"
"Cambodia","cambodia","$116,576,000,000","2023",94,"East and Southeast Asia"
"Paraguay","paraguay","$108,022,000,000","2023",95,"South America"
"Jordan","jordan","$107,101,000,000","2023",96,"Middle East"
"Uruguay","uruguay","$105,096,000,000","2023",97,"South America"
"Slovenia","slovenia","$102,299,000,000","2023",98,"Europe"
"Syria","syria","$100,066,000,000","2022",99,"Middle East"
"Libya","libya","$91,161,000,000","2023",100,"Africa"
"Bahrain","bahrain","$90,228,000,000","2023",101,"Middle East"
"Luxembourg","luxembourg","$88,533,000,000","2023",102,"Europe"
"Georgia","georgia","$83,935,000,000","2023",103,"Middle East"
"Afghanistan","afghanistan","$82,595,000,000","2023",104,"South Asia"
"Senegal","senegal","$78,045,000,000","2023",105,"Africa"
"Zambia","zambia","$76,129,000,000","2023",106,"Africa"
"Yemen","yemen","$73,630,000,000","2017",107,"Middle East"
"El Salvador","el-salvador","$71,957,000,000","2023",108,"Central America and the Caribbean"
"Macau","macau","$71,248,000,000","2023",109,"East and Southeast Asia"
"Latvia","latvia","$69,479,000,000","2023",110,"Europe"
"Honduras","honduras","$68,854,000,000","2023",111,"Central America and the Caribbean"
"Lebanon","lebanon","$65,818,000,000","2023",112,"Middle East"
"Laos","laos","$64,173,000,000","2023",113,"East and Southeast Asia"
"Bosnia and Herzegovina","bosnia-and-herzegovina","$64,104,000,000","2023",114,"Europe"
"Estonia","estonia","$58,199,000,000","2023",115,"Europe"
"Armenia","armenia","$57,516,000,000","2023",116,"Middle East"
"Burkina Faso","burkina-faso","$57,152,000,000","2023",117,"Africa"
"Mali","mali","$56,919,000,000","2023",118,"Africa"
"Guinea","guinea","$56,892,000,000","2023",119,"Africa"
"Mongolia","mongolia","$56,474,000,000","2023",120,"East and Southeast Asia"
"Zimbabwe","zimbabwe","$56,249,000,000","2023",121,"Africa"
"Benin","benin","$52,510,000,000","2023",122,"Africa"
"Madagascar","madagascar","$51,265,000,000","2023",123,"Africa"
"Nicaragua","nicaragua","$51,088,000,000","2023",124,"Central America and the Caribbean"
"Mozambique","mozambique","$50,844,000,000","2023",125,"Africa"
"Albania","albania","$50,098,000,000","2023",126,"Europe"
"Cyprus","cyprus","$49,526,000,000","2023",127,"Europe"
"Botswana","botswana","$46,743,000,000","2023",128,"Africa"
"Gabon","gabon","$46,472,000,000","2023",129,"Africa"
"Tajikistan","tajikistan","$46,467,000,000","2023",130,"Central Asia"
"Kyrgyzstan","kyrgyzstan","$45,461,000,000","2023",131,"Central Asia"
"Niger","niger","$44,561,000,000","2023",132,"Africa"
"Papua New Guinea","papua-new-guinea","$43,371,000,000","2023",133,"East and Southeast Asia"
"Trinidad and Tobago","trinidad-and-tobago","$43,358,000,000","2023",134,"Central America and the Caribbean"
"North Macedonia","north-macedonia","$43,108,000,000","2023",135,"Europe"
"Rwanda","rwanda","$42,701,000,000","2023",136,"Africa"
"Guyana","guyana","$40,752,000,000","2023",137,"South America"
"Korea, North","korea-north","$40,000,000,000","2015",138,"East and Southeast Asia"
"Moldova","moldova","$38,969,000,000","2023",139,"Europe"
"Congo, Republic of the","congo-republic-of-the","$38,163,000,000","2023",140,"Africa"
"Brunei","brunei","$35,260,000,000","2023",141,"East and Southeast Asia"
"Malawi","malawi","$34,789,000,000","2023",142,"Africa"
"Haiti","haiti","$34,406,000,000","2023",143,"Central America and the Caribbean"
"Malta","malta","$33,787,000,000","2023",144,"Europe"
"Mauritius","mauritius","$33,532,000,000","2023",145,"Africa"
"Chad","chad","$32,446,000,000","2023",146,"Africa"
"Mauritania","mauritania","$31,434,000,000","2023",147,"Africa"
"Namibia","namibia","$29,944,000,000","2023",148,"Africa"
"Jamaica","jamaica","$29,225,000,000","2023",149,"Central America and the Caribbean"
"Equatorial Guinea","equatorial-guinea","$28,985,000,000","2023",150,"Africa"
"West Bank","west-bank","$27,446,000,000","2023",151,"Middle East"
"Gaza Strip","gaza-strip","$27,446,000,000","2023",152,"Middle East"
"Iceland","iceland","$26,455,000,000","2023",153,"Europe"
"Togo","togo","$25,750,000,000","2023",154,"Africa"
"Somalia","somalia","$25,747,000,000","2023",155,"Africa"
"Sierra Leone","sierra-leone","$25,671,000,000","2023",156,"Africa"
"Kosovo","kosovo","$23,962,000,000","2023",157,"Europe"
"South Sudan","south-sudan","$20,010,000,000","2017",158,"Africa"
"Montenegro","montenegro","$17,173,000,000","2023",159,"Europe"
"Bahamas, The","bahamas-the","$13,224,000,000","2023",160,"Central America and the Caribbean"
"Fiji","fiji","$12,617,000,000","2023",161,"Australia and Oceania"
"Eswatini","eswatini","$12,468,000,000","2023",162,"Africa"
"Suriname","suriname","$11,976,000,000","2023",163,"South America"
"Maldives","maldives","$11,723,000,000","2023",164,"South Asia"
"Burundi","burundi","$11,347,000,000","2023",165,"Africa"
"Bhutan","bhutan","$10,981,000,000","2022",166,"South Asia"
"New Caledonia","new-caledonia","$10,266,000,000","2021",167,"Australia and Oceania"
"Eritrea","eritrea","$9,702,000,000","2017",168,"Africa"
"Liberia","liberia","$8,882,000,000","2023",169,"Africa"
"Gambia, The","gambia-the","$7,911,000,000","2023",170,"Africa"
"Monaco","monaco","$7,672,000,000","2015",171,"Europe"
"Djibouti","djibouti","$7,380,000,000","2023",172,"Africa"
"Isle of Man","isle-of-man","$6,792,000,000","2015",173,"Europe"
"Bermuda","bermuda","$6,343,000,000","2023",174,"North America"
"Lesotho","lesotho","$6,000,000,000","2023",175,"Africa"
"Timor-Leste","timor-leste","$5,992,000,000","2023",176,"East and Southeast Asia"
"Central African Republic","central-african-republic","$5,849,000,000","2023",177,"Africa"
"Guam","guam","$5,793,000,000","2016",178,"Australia and Oceania"
"Cayman Islands","cayman-islands","$5,705,000,000","2023",179,"Central America and the Caribbean"
"French Polynesia","french-polynesia","$5,650,000,000","2021",180,"Australia and Oceania"
"Jersey","jersey","$5,569,000,000","2016",181,"Europe"
"Guinea-Bissau","guinea-bissau","$5,553,000,000","2023",182,"Africa"
"Barbados","barbados","$5,428,000,000","2023",183,"Central America and the Caribbean"
"Andorra","andorra","$5,226,000,000","2023",184,"Europe"
"Belize","belize","$5,120,000,000","2023",185,"Central America and the Caribbean"
"Liechtenstein","liechtenstein","$4,978,000,000","2014",186,"Europe"
"Virgin Islands","virgin-islands","$4,900,000,000","2022",187,"Central America and the Caribbean"
"Cabo Verde","cabo-verde","$4,852,000,000","2023",188,"Africa"
"Aruba","aruba","$4,350,000,000","2023",189,"Central America and the Caribbean"
"Curacao","curacao","$4,271,000,000","2023",190,"Central America and the Caribbean"
"Saint Lucia","saint-lucia","$4,196,000,000","2023",191,"Central America and the Caribbean"
"Greenland","greenland","$3,857,000,000","2021",192,"North America"
"Faroe Islands","faroe-islands","$3,834,000,000","2023",193,"Europe"
"Seychelles","seychelles","$3,530,000,000","2023",194,"Africa"
"Guernsey","guernsey","$3,465,000,000","2015",195,"Europe"
"Comoros","comoros","$2,975,000,000","2023",196,"Africa"
"Antigua and Barbuda","antigua-and-barbuda","$2,703,000,000","2023",197,"Central America and the Caribbean"
"San Marino","san-marino","$2,393,000,000","2022",198,"Europe"
"Gibraltar","gibraltar","$2,044,000,000","2014",199,"Europe"
"Solomon Islands","solomon-islands","$2,027,000,000","2023",200,"Australia and Oceania"
"Grenada","grenada","$1,984,000,000","2023",201,"Central America and the Caribbean"
"Sint Maarten","sint-maarten","$1,919,000,000","2023",202,"Central America and the Caribbean"
"Saint Vincent and the Grenadines","saint-vincent-and-the-grenadines","$1,858,000,000","2023",203,"Central America and the Caribbean"
"Saint Kitts and Nevis","saint-kitts-and-nevis","$1,422,000,000","2023",204,"Central America and the Caribbean"
"Samoa","samoa","$1,366,000,000","2023",205,"Australia and Oceania"
"Sao Tome and Principe","sao-tome-and-principe","$1,279,000,000","2023",206,"Africa"
"Northern Mariana Islands","northern-mariana-islands","$1,242,000,000","2016",207,"Australia and Oceania"
"Dominica","dominica","$1,159,000,000","2023",208,"Central America and the Caribbean"
"Turks and Caicos Islands","turks-and-caicos-islands","$1,030,000,000","2023",209,"Central America and the Caribbean"
"Vanuatu","vanuatu","$999,162,000","2023",210,"Australia and Oceania"
"Tonga","tonga","$724,972,000","2022",211,"Australia and Oceania"
"American Samoa","american-samoa","$658,000,000","2016",212,"Australia and Oceania"
"British Virgin Islands","british-virgin-islands","$500,000,000","2017",213,"Central America and the Caribbean"
"Micronesia, Federated States of","micronesia-federated-states-of","$437,759,000","2023",214,"Australia and Oceania"
"Kiribati","kiribati","$423,549,000","2023",215,"Australia and Oceania"
"Palau","palau","$280,025,000","2023",216,"Australia and Oceania"
"Cook Islands","cook-islands","$266,000,000","2022",217,"Australia and Oceania"
"Marshall Islands","marshall-islands","$263,507,000","2023",218,"Australia and Oceania"
"Saint Pierre and Miquelon","saint-pierre-and-miquelon","$261,300,000","2015",219,"North America"
"Falkland Islands (Islas Malvinas)","falkland-islands-islas-malvinas","$206,400,000","2015",220,"South America"
"Nauru","nauru","$147,996,000","2023",221,"Australia and Oceania"
"Tuvalu","tuvalu","$57,054,000","2023",222,"Australia and Oceania"
"Niue","niue","$18,700,000","2021",223,"Australia and Oceania"
"Tokelau","tokelau","$7,711,583","2017",224,"Australia and Oceania"